id,predicted
83734823,0.4207574144453282
103823601,0.870154884796976
1159028243437550345,0.5040017349303015
92485765,0.4041295344262152
11142401,0.6917476973884001
26331127,0.26943411529196193
103130147,0.3016597374312246
1849015146225985937,0.32581131686667525
91307779,0.6731033780938525
99484949,0.5155763291334858
1519081708190436577,0.7155195571972467
59771473,0.7700785851653525
23054201,0.8416670214406003
37470529,0.029318866915019844
1212015341587401973,0.5188428525800902
101832245,0.5928629913455267
68246995,0.7131808569971629
1756465820043819145,0.6005444760036206
27426879,0.7562125666552189
2091222630723307823,0.43872488772398704
9573817,0.5251755147895638
2080092449182118981,0.6448741423244962
1251141566962475639,0.833739869029966
1783888279582231987,0.954225543334158
1249362949252967849,0.40090031404057214
2051191513927827615,0.03526939480026872
2039399745194706101,0.6086858090043453
1567628852321220807,0.6824325977034961
91938145,0.6122022731724122
96597395,0.8419844537738194
1814888626208593037,0.8765385104330427
1826976599154564213,0.2925731446407293
51966579,0.043284555761974236
85515737,0.5418856636562757
2036309142044769915,0.8470806233140876
20905161,0.11480414363454583
95100725,0.204413141716355
2084288255146553483,0.8847361660580216
58742447,0.6583422856563567
1886695825137020915,0.9650621273374245
1417185346384554545,0.34522352427274106
2007144270243278011,0.7277669635388139
81007151,0.7683490357204874
60731401,0.3149134801586107
1946030187369504173,0.602299255644163
29223797,0.1712771526296059
66101273,0.03262594742283255
14529759,0.573406446988208
1250766577006766723,0.4903655440247576
106518741,0.5670830917261416
1409701429620698123,0.871842751276503
1363166573484625613,0.26322119767244967
18904713,0.7932167943874296
1597300897135600549,0.6448298352230534
74111879,0.8216343415459086
69733421,0.9354713158096073
2060842575246177695,0.7929740339758994
2030632608934523157,0.5839311709746685
2059671940655431503,0.27087378712676974
1602033196615588423,0.29818511154908584
102556467,0.4077012311196441
2083975193212643343,0.37821703956884267
1522421588098514519,0.3195081373165239
93211405,0.30103843268758396
1543689154732856719,0.6341303961369723
1949625833889070187,0.4935742747129266
30992181,0.4795693568099515
108514015,0.3245704834054834
1802687560320534947,0.894576528827786
61511661,0.6120496458241164
30292517,0.9711228075545979
64766487,0.8299031947179408
1267959648744210427,0.7705748716612824
74639847,0.8536136043583972
77333199,0.0523725245147349
1127811022098867383,0.8319559934782076
102565765,0.20216587136855277
3545927,0.6781786982494483
31286645,0.8798606647439053
2026440676828129453,0.3378344389149016
1687435862077556231,0.5326563371461878
102343117,0.4449890068485819
88902571,0.5896497379746326
70992947,0.3006540464447622
72472045,0.30942526666429293
84703449,0.6845646135937342
1888356921532606875,0.5807672574766811
64250835,0.9550483934182371
100891001,0.38926899914758994
1913633247537403995,0.7855506497905147
76702739,0.9102635629541093
1381220178282429117,0.8406683809055695
1218419600766351583,0.17428448263505228
83769527,0.836004992461339
1593732730829748537,0.12271119363502157
30684045,0.007846238754507582
45666757,0.28728025624038006
61511227,0.6170105375517351
17378941,0.1437160279114977
1266448747285594425,0.5676309281084837
2049752518423791487,0.001257715236878167
1595707497828740245,0.9635091467603245
12307225,0.05321359802466786
30840329,0.09711558952166355
1729251318054512133,0.6394898608289418
1855350226467223747,0.8260673468402078
102258339,0.8757774981524735
40613349,0.17106786401850707
58432359,0.9311828261495834
41295637,0.05150293490061611
41802615,0.0043051168087435586
33261443,0.04092013581466361
1197109770594456017,0.4001702164865411
103420943,0.11731799470049017
77555225,0.23721202655173762
105008639,0.06725119901052823
30297983,0.7825793836538077
95718025,0.26303021209544586
93675945,0.1110574620228725
85866829,0.6706069194002457
1567908525416967337,0.934279665172903
1695173047908041003,0.4453223460837186
1978112037167473199,0.06202208706937555
1178765098594784907,0.9035607787717665
1300219371826039627,0.3225991953106563
1154686488398236669,0.01639962289933071
1180106653144306711,0.8428899472825577
1147512302207034771,0.3272175139182598
99260949,0.6326361316316479
1544045718927607473,0.819276231970374
95712805,0.5567065408883567
1887552165081211093,0.11468115988821548
1961334879301341531,0.7228447310412368
1372514672522627087,0.39726439715261314
80942779,0.6542369791277588
102421931,0.7970468240416958
98108711,0.9459303416294965
16679857,0.48460566829977697
97993305,0.2622007085577748
2083139285596934635,0.893632930669032
1926468285383356993,0.21047034372801332
2021522357990265053,0.8983408442508106
69249487,0.7491996276337914
1411619630324211097,0.36989303482429947
1362122707053382357,0.07818372355020725
50030917,0.5973394216166411
1773537336520195111,0.04341601429525409
13177239,0.49269241715033707
23274351,0.4361346974986094
26161407,0.8845335938159602
1576629581904963721,0.10793547061446022
59409441,0.8575311820822352
96606551,0.0608085831183515
1494736677972823935,0.48699894820845135
1826982086057625401,0.8109992626436108
68468185,0.3066012434461467
12960767,0.5878246911967928
1397035654055494735,0.6966200025055981
1911511945737343235,0.31286396858981663
25616591,0.12376785188436679
1332759962074578631,0.838042694535355
92982639,0.9327149376261834
379519,0.8899624790575836
59884671,0.6635907551667775
1262597610701301887,0.1446765472134724
1253298897877985863,0.9033785048704963
59802655,0.28045799101349683
1576244986229371405,0.32127695950747975
1482321643118414473,0.5727407737982698
1285333227479510313,0.8486704152819053
101083263,0.7484905594107625
1380885935638247391,0.12564749046440216
1880108650922378411,0.7758591508300549
78003317,0.07404720488073196
1470698105916972197,0.9072498582697363
97734995,0.6172827005817741
1554798048344779685,0.7622146183388585
1761408902989768473,0.15141248284210515
54743057,0.0037479788885221837
2087622214183702795,0.46608488123770303
1369865821160246059,0.25293438310274674
2064122999778313711,0.8714332816794772
1889740828989316371,0.9454787798597978
1416321603918735915,0.658203924387236
99975845,0.4087491647844911
101388983,0.09067650455637544
1107162730360313835,0.8351272803047901
107503935,0.7903560857043451
1506282658775757635,0.6782063243123679
1124892254063034407,0.788029105487369
1929268657423493309,0.7669441923397541
1963681597594211637,0.7918027721947654
2050458552673727517,0.9216559942928256
1319290661355931705,0.6957492591620252
2091300819520761219,0.5022984329687057
23465491,0.11807307858777215
1755123283781995239,0.8202375074365882
62422557,0.055356109503790704
97397397,0.4280747528927477
1237794213918192885,0.8171006268325213
2015016496992233359,0.24793358681819008
1469814504615012897,0.14643661576752287
2036333745961549733,0.002153246637844351
1715839663547061869,0.04495067315891665
1460673562862964205,0.6527689066967559
68294317,0.620557767965257
2021977628727988093,0.5816807840403112
1205508339309457271,0.6235972112246428
1848364046406084269,0.41749338224151966
50384363,0.3235433989893213
51722401,0.4217569331673934
66726089,0.2861869199741895
1658026891547124829,0.2787992272868491
1961266260039951165,0.7400368019430196
1773953,0.9216248959489319
75060803,0.2814930469228614
81556481,0.4393071533536506
14721339,0.5915952580428071
56305243,0.4977729688100258
1465479904552858371,0.6504540077876975
13934861,0.45970625074816507
99134617,0.3882019009784635
1936786043207979241,0.6831366145371701
1923282279498473869,0.5719577602425533
1270958731531094937,0.027575589732229223
1482849449846810673,0.920491629046434
1998488022940675517,0.17015364820426554
1379735480286332191,0.5356521277071333
1543666286505696671,0.2647936256026062
14740367,0.8017500669979157
60793557,0.8131835278010376
63554981,0.010567906987985664
77081249,0.8031246205389968
26976059,0.21037501839014855
2069976449864921121,0.7911139497056495
1911517755012310801,0.11709539105009384
1588538254230559559,0.7032792303709077
99190803,0.2522597781227936
90849125,0.0739639953691775
107701685,0.7745181427274319
105546681,0.0688723559279394
1921611713224932097,0.7402222014620389
103122013,0.07173766750920438
70119945,0.5866404580752955
1186875210373139693,0.7743109538192632
50465225,0.29797202640050635
76180707,0.04809908168484121
102425309,0.7103956234128688
1989857231223723255,0.22897628689777322
45973085,0.9352571189695649
1776825925143000091,0.9400721194746262
1656696830639432363,0.2590039177102933
1967849621317998815,0.5694711282198232
2048058525064153647,0.02509637465817204
1908581730842913907,0.7134271919530528
104084961,0.1782650308519668
2052075771395229809,0.7626458529351701
1875952200841583763,0.8682388626600085
1165843335811344369,0.9334448004329899
49242265,0.9401639928524578
90970655,0.9442430925620493
107024527,0.9174604540866775
1783147406880952725,0.9625978701056476
105329413,0.9274749123346189
104515905,0.6433148613838312
1694213690945612943,0.7268197073149166
1578215023708554097,0.7472215146277067
101355075,0.8895162640023652
45654439,0.7505261101151512
1322670611189027615,0.3474012478486075
3108743,0.014815016197300763
51001231,0.44972357486351006
1996057829971638163,0.23989114536691092
1752920738414523251,0.9008550679186763
88945687,0.7264538445656259
1800546169959181631,0.9702590005597241
2059582488896213881,0.14292929498710646
1623239742094369067,0.2914022092933727
1393413684065025743,0.7928491251324643
32976677,0.7301854305129213
1640353803466166515,0.29882709656482054
2046952125333336647,0.7000673891175575
1372280748409441447,0.8506007891200752
33432163,0.04703967699446999
48973313,0.8300017576404499
1847600385072536175,0.7969674292504717
2037483310834978407,0.828627446790137
1794730306995345583,0.36792999805351767
95096349,0.9216100827824413
1929409320993753437,0.33978185982384007
1252385048746296813,0.5218916935209136
1810108687284469253,0.02992209556550269
1817639294312787445,0.36412890791428804
58241399,0.6163387440641407
84696471,0.5272647175911346
16197751,0.5945724609984167
1465411572107687219,0.2575499963625981
86828199,0.6216238329126125
96001589,0.09972570339017706
1169714239161670111,0.7353053731777525
24897673,0.3099170300231028
103462905,0.357962844335041
100533379,0.8375497341682911
1657898464264551267,0.3093153551655736
76262025,0.23521576312927167
1779419878585071567,0.9257402034361158
104518499,0.9360817777329826
1960781226116243829,0.09042942054289325
2922779,0.516658475899759
69245433,0.5928505413015086
92833615,0.0014615799711776838
15978791,0.17432082410777036
1133305407174290387,0.2921638306567123
88413179,0.624749331721346
1250835807337726817,0.0086434234435602
1886762930853175397,0.8235714550260136
2082541169353101257,0.6449834405998333
103822457,0.23081245086771018
73617347,0.3444168973010715
1120829381923722525,0.23510029697564033
92971049,0.3780261891033453
16547279,0.932737229793432
54616417,0.562516976660097
1585081578316885159,0.8464909019597431
72470997,0.8034164922143009
1504756196723651173,0.4371456993929731
94668747,0.30258563187923343
84469631,0.7441266731647507
30433687,0.8583795168916465
85903457,0.20981245539906057
83610211,0.3428229947762104
48478043,0.9132913689697874
1707221481049698103,0.5719511960593735
1812175181742403523,0.8188575050932067
96495295,0.6000854440335353
1757786942422278197,0.18977124961023908
80627419,0.2460176915933372
2050452911597164265,0.34845620263926447
55277439,0.6888677872794202
73545059,0.8004529667543049
2015123403769023111,0.7802588787173054
1549235826489697197,0.1323616366248044
1775842396873830725,0.9657345066493137
102901071,0.900475645554237
1913262345665060391,0.523678705363069
93840681,0.9366886340100001
71891139,0.2778202321239319
96234703,0.8153077095992852
47006397,0.39338320411063077
1332766957497319947,0.3060670698836267
1971666164259999649,0.6054140737851986
1267054947065003427,0.4541363959368777
22952055,0.8217528466679241
65630759,0.7710847045161734
1595724549293844819,0.8510962434921097
1298289407951679543,0.0023615799711776838
103152185,0.2052063522566876
1988690939518312001,0.753008805582525
102577369,0.9126066479958476
76417929,0.290503939373219
40363783,0.7002192367410244
1363618027033296879,0.8788077407764487
26747871,0.7897457625464309
51088115,0.24839557512073906
1901946899606647705,0.5584035660802005
1859710555794539205,0.9026783446062967
58105099,0.5657826651818174
1704250717524594535,0.9284051055215479
80838815,0.7330193105293656
1544044085635367239,0.3104353546846726
68277999,0.6990876958633855
2036730905481168405,0.3409918603779977
1369208531436105535,0.7006039303388111
1439613570567023841,0.6990313633229424
105532263,0.21473644960191096
1757800896124305007,0.010952922119652318
28170521,0.13110751817863123
1423526565167790771,0.34695912282009855
82783825,0.3093514414552982
37375661,0.7862726788074016
104671541,0.1377468071683604
38908673,0.7532553291318234
14779169,0.5644691973947953
1771575178377809383,0.5890502678857678
89133431,0.7094159328228877
1598943463170062611,0.15517408590978368
1775299052058413313,0.64559711185433
49833225,0.6540664222200671
39345607,0.2032504085723859
1826981103059882705,0.8918509682075385
108322555,0.2933473087683488
1130601711536179833,0.6412598555490372
1244480196720949251,0.521425318713219
107084323,0.3083320117260604
1433081125824950901,0.8228042567068994
25087363,0.7197584249084249
1127792101840311319,0.3127716819632823
1607149618752594489,0.7653361203009228
1362460373625061663,0.33246655132307273
1950814321265682087,0.38367370623029695
2017409398466135421,0.5983018108855087
65453959,0.3288152384739683
54260725,0.94773539089053
1678515883076905993,0.41210785389568405
11075241,0.9047870454597515
1276017301020969979,0.6786724470742498
1644705722557309375,0.7739456237854846
69296279,0.20063804195295018
1764116811647801539,0.6704022302607536
1760999442623263107,0.036538812408671885
1994307432693742917,0.447187693177216
1820148057141311639,0.9443639773418097
1848371498246524417,0.3833972083212414
1401513763144246165,0.6836611851207688
1682941692450952335,0.9524326142445957
1859514550026115867,0.09821250138750136
108170387,0.2041192603736595
97728009,0.7961982170283527
1176455666015273951,0.9073675080939052
1525612018898375783,0.8203593816023953
95782597,0.8826541838589741
40152275,0.9780860566447692
1176900642822020333,0.6130892578315846
96932625,0.7907423938615912
104416051,0.6799728786207302
52857413,0.18981223628177055
12976169,0.3162078814941533
1469425010680190743,0.878608717661176
41301027,0.9217727836037185
71460137,0.891851087038774
1658054956322253759,0.20848620365968204
38493769,0.4971397253586431
105774445,0.7737120314914552
1912010027570137611,0.6192304417031163
1958234375582392951,0.5023812334742234
1363616587357372241,0.6683095430710014
1090026504924117115,0.6658991134973095
1134781700827923713,0.8646863295673269
1242472631306949305,0.7996930220573989
2052059846156494593,0.49051355246742206
97810903,0.34352260883956925
1433075781802532567,0.12544559899886973
51024331,0.9079790416441974
43392805,0.4170497146928914
1967875656212880261,0.6730377610521757
1864990256028146391,0.7770282464161117
105448469,0.5504885229662847
1172992081824080721,0.18808684146045165
1907012814811042827,0.02127748460336192
1826980561628277397,0.6349839964366216
1530757798639659367,0.7485313755329671
1298247088643907481,0.07382970888201139
1967671139469342675,0.10910002976058751
83512613,0.512153456306028
1178047417873673639,0.8694650706438687
1594733337613384095,0.261516277798174
1905609884283576149,0.5366488587630758
1238882018639868423,0.6859106851987776
49730621,0.44821818448664524
87001197,0.5272545891402068
85841509,0.15359210690369884
1665539629133480377,0.08956448727874566
1199710237607637507,0.6702282276832353
72472695,0.16976899910010493
50467473,0.4416251238905024
98511783,0.7873082817496265
51617543,0.4880751206399251
1916353781075383371,0.5146940976773497
88270037,0.2757624401988993
81238775,0.8567566138173259
6535681,0.8007040740835079
1904729557225013485,0.9117838525788254
73885359,0.8631035286015655
1950804666508339515,0.35951191330691473
2087494419924529979,0.8026185174339601
28394973,0.28487032566491416
45504419,0.7400346339034553
99177149,0.8395244455503285
1888196858428733887,0.5738300537424138
1260973064804361213,0.5235968552497559
30022175,0.45913320074544983
1865089516698372639,0.6416990415465739
1940729760305372743,0.47694731992566153
1936639542735164759,0.8397202093587705
108220865,0.7282502735943246
54979467,0.18741284119091528
108682693,0.2681349061147378
1656745226291931663,0.16524881396665758
13057811,0.7766987238237164
80121467,0.9151885998792488
99265943,0.8819011218129811
102425345,0.07459041926347666
96269989,0.7758951520994499
1185630042611904791,0.7635855660778371
1341920355505317163,0.320042942946578
78151189,0.8524333331605332
83677387,0.9451835867201785
1361654488723627453,0.41399485239413014
39888151,0.41705307337596415
1302868906395052187,0.5910761853826326
1460984955006428351,0.8081614671498771
84071265,0.11396618085784752
83137141,0.8827662534792368
1817540016329032355,0.8780917943075937
88227111,0.8952113235629252
1614467343059318223,0.9410636451849889
49263543,0.45942180268235483
1284424294468866547,0.10635132937599916
2093511198368652361,0.8047520444262969
71156079,0.6707182244229418
52469021,0.05504470727512729
6617265,0.3026778867313856
73771045,0.48485989503541527
79011263,0.8530139143313129
36154285,0.737486545841419
90970503,0.6252032851120982
100564845,0.686938563611122
106046683,0.7403917968174857
95495337,0.1926439119090591
1503568140013690919,0.7087331253537282
1882462388859604635,0.06413886205492637
2088725127048962743,0.36736696030753074
1132304273896196405,0.49898524590304305
1347979299849490855,0.5015443357283886
1231700111621129591,0.8792980359935908
1932183388833105109,0.4554197803220421
1183081482818656135,0.7802141839726109
12130513,0.9282608067143473
1335897915368142231,0.009925877302081165
96027459,0.35236366676370845
1821735927424694983,0.10933152248333458
1346577095029030445,0.39215883781939814
106986115,0.3005944561074003
2029081677958236345,0.8951169094557697
1601552845891516303,0.4764925100283364
107260207,0.22255924678285033
1818737286404029865,0.7657358774784523
1489766325281258039,0.14265441636077383
1371290694950450725,0.8104242995948753
1345222612885051655,0.31355497250300757
21994327,0.6345686508898825
92164499,0.42280463650973044
1886701377074096705,0.5023899347842792
1610611067720780075,0.6930906180911781
106454925,0.8089539245086873
4645,0.46425207149485975
44779413,0.04281002390357514
1966292452008987197,0.5089075428356442
104718183,0.266086975103699
1806947079231610435,0.5368008387332888
1105700568070656885,0.14701049915750078
1810124289920478609,0.026546908027781944
1453034034418414269,0.4836191689234276
1586988116917490601,0.7179279893516823
1825938334320500813,0.795462471941692
96397475,0.9379086517810976
76199007,0.8254400183603968
1653818822174779723,0.35862413612550487
1742590336061294639,0.6710690606932677
92590205,0.8335629111874242
1429217929224959503,0.7964839606039883
4207849,0.2852524783827932
38849497,0.8099032786724213
102235993,0.9740267375444018
1949457366368937135,0.3204098547651136
1798584033815182731,0.6627270053522734
46976797,0.12542419668781893
96559731,0.8528751053436318
1333747683741356407,0.540354259144764
107182559,0.08835365075301639
1298930946784068891,0.2053957696129947
51573831,0.8451685205879588
1522143044846137527,0.8012476802263141
1129370858328648093,0.9254771156435064
1885441348916553679,0.42552690239815805
27945789,0.1612541801140627
414313,0.4302164538719585
77493709,0.36076628143244305
46245061,0.9248329371297996
1999980506270840857,0.1862518110875072
102926985,0.6774895408687597
1778585820019700853,0.9214293769219764
101741501,0.031147234858203914
1184122832602455429,0.9202477589524696
91905081,0.10246991429623015
1272551364024264835,0.47919922017608846
1858191654759217605,0.34357131567730875
98901009,0.47588131781360177
15812559,0.8924087970152296
1191896587023322455,0.10853143839170364
53784219,0.2937970678921006
1893124449256688197,0.06504007030497404
2017495986529931423,0.6679491204169948
22291157,0.6224262411166402
25913219,0.6108509803595313
1494010082676489173,0.17347265660559227
1898396969515567737,0.5728177049194582
1934997553808375483,0.4184663026514304
1489217179236542905,0.01885444983676827
106868543,0.1626960034599025
47180403,0.3272112644805618
1489778358906376713,0.7325888209779338
83493255,0.5637823842046032
1764966899618716371,0.8218524516914032
66983543,0.6419258824827144
36929237,0.6914290493667732
1101703133669829089,0.4340471042520903
99159467,0.5705004530778907
78035363,0.4448798648743915
2052443263773288391,0.040653748790450264
64297797,0.8852580924131843
90989123,0.500609989262727
76183077,0.8746059436680129
92825407,0.1829454249673248
1434118248780589601,0.822371152788119
1911260858574320205,0.42157971639553654
41637521,0.8080441019805901
1282958269481184701,0.28373832138587435
1220416933656763797,0.7422879970861405
2054068201080213475,0.8173508981685338
2001277199250345571,0.9631412534720664
90608351,0.4311490871805474
2050452682241498703,0.02703691266573876
1835432384932764259,0.7341471353360646
28143629,0.5041147960805354
97614267,0.1093857114898137
1393008697226654635,0.8129450267788081
42105873,0.9119844426529119
1250199946453947895,0.6933662080102168
1371345645128514311,0.7474649991937836
1889908297082652041,0.5765251429729686
1896899535368264711,0.9759546872229548
1523134715571229627,0.7148200823984999
1810122136637027991,0.4345788205318163
7958647,0.9463117130877662
78445851,0.6948456845298268
10462799,0.4431121828157828
2031959485794023189,0.6611362429124064
1375269730287963643,0.2586352281001364
60243813,0.7095256173687305
1255873848848869861,0.469906404282071
99618791,0.49813826102352177
1144719658755775077,0.6453031331177029
1315989788180733951,0.5296417116216129
1985541611159066581,0.8834175387396497
83828483,0.8973980069945728
64081193,0.5472362264638283
99377771,0.6872414381221433
2063367850953973765,0.2546774231267852
1268761731183906325,0.28504923530793785
42429219,0.4362386405959295
2093186490784433247,0.2898151980332069
98348323,0.6346873276829952
1519811514615368925,0.694367483090796
1775314750308592907,0.48653879465384114
1252575408396774163,0.22448017709705567
1178070410950452937,0.3325180036834858
6137451,0.0033600530683349917
1898274465914311003,0.8785271428590183
67053967,0.5686592591559486
12849739,0.8170551756957453
1311219452610296417,0.9105097589498706
41085915,0.1287859848899445
104565785,0.04750332523297965
2068387306726855709,0.9330159486933878
1463514392267401249,0.8244373275599208
1159212517812276971,0.3987754818515149
1381170861738000915,0.7952912755779741
1501271452442630689,0.19984125656928692
1677685681081769721,0.7282158337462779
73609805,0.7828159784804329
1865097404095797737,0.9144246100118278
81501089,0.9122283877462748
15124491,0.13037147840454907
97107215,0.4443250185699884
105532239,0.8441091121174298
31900897,0.43046087136269445
1337453454510491453,0.3329233629714586
31915423,0.9137314530361637
31000295,0.011142955294660927
58315359,0.27028426522782695
1852219768264656505,0.33715275024478103
1628397032353062697,0.669654735476931
1292393391745136683,0.5576308383119885
1653595830739142907,0.5517542835538997
1684622195790738839,0.7591286219613805
1231715945756646469,0.5858051664070367
53795121,0.87940696359255
20561835,0.33295692512674174
2000324473405421123,0.8728755969729456
86997185,0.185804009670503
1699801474017298433,0.6159314763868561
107032229,0.7349078238120208
2061117756051828481,0.7502736634637448
58560147,0.9522019387493986
2000142855264765069,0.6265794079465938
1502859005175592445,0.8681962482660217
86110553,0.27045627857280957
1517644916462342043,0.7464726379850306
3518655,0.3469299913797429
1330598571825730191,0.30004987785558224
1679385611383072803,0.32924854988404095
83236363,0.44999716125230316
2081953211050906623,0.057583163174489284
1411828981648886721,0.9412955309469122
1821863987467776849,0.6376795108879021
1682940193371797115,0.8229908543203758
57225729,0.5892542870732328
101586075,0.07963671933186875
1810105661555349829,0.2484680057172515
1292773250460304669,0.6363325910047268
2009234462537414917,0.7350990544138635
1245211671981540619,0.8523639625020488
1177705262780148623,0.8905720363161073
43103415,0.8939748244803681
96584199,0.2146865499717313
1940590852875760125,0.9629910550572431
54202313,0.48621965303390985
1239448718874507787,0.7749086996256888
1923640156581288271,0.6653712217392687
107013529,0.3503950904713905
81559983,0.619051968727834
1545486737507989673,0.8503689391754691
42315349,0.7742107739301634
1872480678059847149,0.5024882257210468
2030812265632030353,0.18284310919022403
57022681,0.4032041862872162
1321413911329500497,0.14323938896972366
1768164596536721217,0.044889834106700874
1736150487948964159,0.9224367261296935
2080188690822811787,0.24963632265429572
81694839,0.13432575506300304
1950077162292575189,0.6313696864034664
47366911,0.6534278704497087
77952213,0.2405075000761406
1847581658002974047,0.7013707765265997
1957073695758531299,0.8137149178152678
45893057,0.7510248546106084
20508849,0.7941769418959909
66309023,0.4033449596812083
55169047,0.2210300035270205
1994753343800640415,0.6704862960576989
1485203788456303455,0.7617019455894942
19357887,0.6820909537013247
107168083,0.6245604957708314
1334673958096925115,0.3184480422605047
85015911,0.2391301042318974
1282930241743758537,0.8282332944270981
1926138493203869855,0.6481974962669633
47701421,0.823242972161951
53549411,0.8981787855691867
108026947,0.003888369278912575
2056471776195454081,0.1534088181296888
106367849,0.7471844534765929
1758561365333387601,0.5171828389363019
98970203,0.33975625483838545
1966785704406274643,0.24707114627767812
2047814274164716757,0.7032777829770943
2033696365650256707,0.6883159236844293
1239527155186894417,0.9788759447329595
73387127,0.05192841314193734
1908462591781443215,0.5709193695223478
13448587,0.18391384944134642
1816136096794378537,0.0539950711874235
1364126694756230505,0.8958617923138462
1910381268930602223,0.7465703502756034
1820517978568682861,0.06540678543117277
67798461,0.8200761714588655
1202583855532138087,0.703700798818212
76437127,0.8958139013592704
1433080001302005677,0.6090032770168299
1545522976321017899,0.42159387585743435
26591391,0.9174208420934457
100040195,0.409941441035052
108504475,0.23832171911134703
97734141,0.9309744403839285
107024667,0.1675629537852852
1757843106255795951,0.6618753481836291
50382879,0.4144590115076253
100276025,0.9217230579852581
1382637258783881397,0.07252426201526091
105334541,0.3662638223065898
1850105971829400467,0.9095472979400141
1696653565773051815,0.8963374981464962
1218955765373650583,0.7087170644044153
67881673,0.42785658919495195
82483369,0.8882205430025547
90907247,0.903996843686668
102930761,0.45536222541439064
1327339149276370187,0.8830800861839979
106991111,0.29714344578094565
1416325124434122875,0.7544041435559631
1897096235918039599,0.6699608909675856
40839791,0.22645848675069566
1497505834836747147,0.9529840909972491
1488635503290278099,0.9287945211749185
1269225352655086821,0.8368361306776653
98553137,0.08627662719222548
1358057914552437811,0.8284024723632569
17837809,0.9014169730068131
1596070876868797553,0.10866178552080485
1793245096848894365,0.8087524665050809
95926215,0.3457372184728361
1537358914303401013,0.39639280404370586
1871165119840338999,0.04512248035200343
1440838363122347941,0.5763327650876048
1550982771722971489,0.05196251202463596
91298301,0.4498623312673233
103483699,0.7690692434972511
108769117,0.18980628146511325
2000416426777918779,0.7654369749289921
92803847,0.21354741172560346
1198709862504009669,0.07061374614224503
106846635,0.21308816327828783
1234513108696566043,0.6475329325080807
52443559,0.5695504930985681
107886043,0.6505882818655832
17540641,0.8624434300911206
1252207135011546471,0.6831145388833452
2081879954833432343,0.636762848990281
1802881148610222281,0.3585988766522012
25072431,0.9324451454627571
97878293,0.8470166703456008
37273201,0.8841668797235712
1924847501330527301,0.026219125604993735
1688399799580921983,0.2195840558570456
70806183,0.8723812288497327
1707223339010588843,0.8349991924538479
1846578474648644931,0.0934570681241129
17126885,0.3869331015645197
1814881304312169953,0.4058219522909026
1826485505864962285,0.11903764316533624
1400280869309697669,0.8857606502363546
2068393873157536359,0.25504111027219806
107038433,0.00879336409065796
1499668943328603889,0.9079692512202492
1704261003678388891,0.46686246393081576
2091788631775431449,0.7078318833850215
1777757144571400029,0.8836756370563765
1967884010925359891,0.3210209187607193
103102689,0.8647594883058122
1753801965568822709,0.6765472356957611
100498637,0.8673891387605066
50383441,0.966616776409219
1615750298446876501,0.006203529507156258
75443849,0.8521472116689431
1098222430890382137,0.9676591333944481
1635293268473125679,0.4822584243808415
1286564946548226057,0.7232270989560822
45175921,0.4299482843161744
1890994415146364805,0.3523932750260636
1806162411273271887,0.18784751908318537
27242361,0.9730894198891918
89267093,0.5124652511744578
108786435,0.6479095521913198
94655489,0.08554170247696331
1472109561991440105,0.6477239253067039
1893897591738198357,0.5254318745551304
1888440112997971267,0.6841444685110571
1271375717611862891,0.8427251560557958
106323671,0.6502871807326192
1201344673151738123,0.7741078981006582
1382632546437463077,0.32710740136516714
2081128161702166633,0.8623641338384896
42973503,0.30744134491759945
1957145680782156069,0.8381331687380734
23342253,0.42654668656958633
102470371,0.6760638377494377
42527519,0.8575735065178478
1938319033223031941,0.11124568940994785
99465227,0.9527025582179885
1814951997949531981,0.0458670549540114
1794198674251965093,0.43236033418162995
1711356045027995559,0.9387693551982017
92270281,0.24405696279302252
65869441,0.42145401935132115
10410631,0.7062832783478782
1808837957542233977,0.34220105775769544
1645038312349202855,0.7651985596775521
58106163,0.014290494394121143
36548195,0.0172257717987089
107901699,0.6258676650354891
1252561648823006563,0.7043936980663391
62177809,0.15601718787594995
58785393,0.9458976902389015
88085161,0.40106885450499935
1798741259976834087,0.9589285919355507
1531433106428071771,0.13265168613926168
2065438798107788827,0.470377806774464
91735291,0.15766427177268538
1958309811068983873,0.9209214761283722
1810123308404540145,0.9810336025789228
20262079,0.024325080748588714
1905559352769439001,0.876668014131081
1233163964265534019,0.5937595993958897
54127215,0.7303374021490747
79114521,0.8470070576674862
81442277,0.39820312913455197
1763002469514877925,0.9134974985553582
33513989,0.40910355201678905
34767823,0.3994060779276026
92759253,0.6747616273420085
2021252401904333967,0.4210170232158913
1313074406072867497,0.9429935072250327
1883932918534397793,0.5066361021865241
1999148593686959565,0.5438159439699359
91758241,0.5963016882441179
40105947,0.8931152470208176
35912627,0.7423215786208874
1756632168985715115,0.5172127040309679
83015377,0.2562410629980912
1523118275670123157,0.16708419555584894
1116166370423962123,0.6372791261109356
71146281,0.9784714194733899
1521412052916265279,0.2578041187248198
5038761,0.49370504582968183
106320657,0.5296953850192482
1997200901845629613,0.4305730653454076
99159453,0.20662775356528065
1865201177571420013,0.12623563353046197
1800055503572076237,0.44346455709900073
2010187760698557565,0.2415538424743971
1431962576652131601,0.3265660123105471
1725838385997506369,0.5659567204814455
1674259515073129691,0.40196714737237316
57607025,0.5140021368186627
1653938237874498363,0.27478599913674445
92181493,0.19209155567017436
1687653331626719611,0.883184759745019
1645439320919101025,0.7139948225174304
1333447110590532411,0.13144973513203798
1679881391029924909,0.6722371639153806
98346837,0.6457864673388725
1999834024058228263,0.3254926599404345
99435627,0.1203438218712947
78255457,0.9342949447047638
80816099,0.5596273288107858
97483071,0.14274395043180976
1097251596751946881,0.7194434988037475
1962759801382429779,0.8554664765906368
10566447,0.9568220394854298
1704648883580217603,0.44464524962857005
2027933414653089053,0.023721952863619482
102118161,0.9276355883492103
54675783,0.4235751908956655
93968529,0.5302158785085068
95761121,0.4337665304369754
36182265,0.38235953348182433
1506068910045539567,0.6942268256182798
77413261,0.28682496523953754
98452365,0.12618633958800635
44529101,0.8637380605824074
90657587,0.11451693223397784
1645307702025859215,0.9413674938939206
87636699,0.04658592526054919
1189544291301541257,0.21314932389895375
65278895,0.07189096740073583
76970449,0.6783702255181184
68549641,0.13129065570836343
77811523,0.36950814963126805
1130441682326060833,0.984333944958487
1537256657495951685,0.11456377548848333
1125790159095803593,0.32236689049825407
19987569,0.8700240544496394
1810109303733847247,0.0964660273150417
2050453320128628245,0.2235333799521505
96642155,0.8634432415216979
1817491522373576625,0.7046986485252563
1794798940225312641,0.7427690329063783
95653655,0.4295594793490638
5687961,0.9074867628757549
1542634194829394485,0.09376076097815228
81767267,0.910410422777693
59754045,0.8801051772128154
1910344219318188397,0.06733540773309098
2010424390079311089,0.15060139820201401
74669049,0.2556818290810808
69370531,0.6662688738106568
53922423,0.6712147971410739
1751165601000626787,0.8967471811631087
2371375,0.061893572452151456
1572596728621408515,0.7294846262956906
1376911961621078641,0.9453131239376178
1818226849970241293,0.8083066563346418
1363537105470546635,0.7691449844719781
100583473,0.5937083687110659
107766901,0.30226308940510294
1594353338894302603,0.8047279871224077
1632022538500177095,0.34666642794831415
1098216498476836243,0.8330855526325124
108818063,0.6607470991668611
1440245426419492705,0.8003930444217424
1729055284118897723,0.8189128283321336
107038109,0.047811344062837116
1888248376047731577,0.02563107881039022
1140467305993429863,0.9536442988507297
5462281,0.7485051558738792
19273923,0.8682787494754588
1859680476605353983,0.3102542823615016
1879591633245045847,0.5140301093856162
1868364309265865127,0.5094022186387372
1583145256500180573,0.35182816557468943
77500101,0.834734399290162
1824380671048498999,0.9277426379009132
2037872597987469639,0.7178396766209132
1929104005671031457,0.2585023125258434
1986785186590698533,0.6004804537193145
1416267347694518595,0.8459238911702536
73454269,0.20772451699858735
36448293,0.8058308735870044
66142389,0.26417028093829903
1920359863257944265,0.9237095200067733
14254323,0.6588073038088272
2054307409555682257,0.501198993849235
1328933031147619003,0.8108437086933448
2007377934724558269,0.6928325182921365
46246193,0.274078370579376
1448134904508140339,0.9105163866098335
1694600170424844243,0.9649553450762547
1377951560204020047,0.3581190641369488
1433237969636485539,0.2873525141130799
1260396168141458757,0.4588183636117549
1316946069983828387,0.3007573412097243
1762717241751953927,0.6445480476640484
1470711180569701351,0.7116372978850426
1746319316440984431,0.7506827228166636
1368957518841723941,0.16554883071308896
92982741,0.5934428529222102
1238176186771431719,0.9721862637276889
1438953700351733619,0.8054909158839049
1411182255145866875,0.443463782403411
30324411,0.014767148841740858
1757165021894527101,0.9578549348809827
93768503,0.3222799189945217
82109167,0.15476070598038083
1865375637982505021,0.8267713494786437
1927709448581870459,0.8946310934499415
99886183,0.676731780671415
81368029,0.17067991827005846
1313049206702559695,0.11371396894218049
1900036578795680307,0.9399466352539899
1922145435772037039,0.7058593429930166
1570860335433538523,0.7080982810326109
5129233,0.8542960074893885
1236734507423346569,0.9121269008799655
1798509945897296585,0.6327709761837617
1727321983685088617,0.052673375139439475
76458497,0.968092532628732
1810127160434209361,0.7311124312004106
1809150270073211211,0.7725426255562088
68553155,0.919808881384552
94105511,0.49300528540514205
1607505732365706055,0.28460745679759014
1927713805416940075,0.28887147169109384
30432329,0.8549275966313609
27312185,0.21275230453140045
31909041,0.961777708002411
1330472108362006783,0.4702566798574769
1207766609309727735,0.46821050280239795
7924021,0.7294411259961829
84194165,0.1590308257513374
98003029,0.6004852125864244
1410458615455104855,0.01097340319418537
2084539738527573867,0.5332919740696893
1449308882308353105,0.12019895121853744
98895211,0.6949446811878677
1782849126216701235,0.5995360366459813
1754608614691160827,0.016513298852649974
1823767188889259727,0.7924668528284395
85133301,0.9700490664545164
1381381480727246867,0.5173863302582916
78118061,0.6644898478364736
1293114833095824647,0.7091430734264133
1106384085319794903,0.7703911404368319
2050450764157215549,0.549919170524028
68674953,0.16412422279474914
79597757,0.6491613022755608
58963125,0.41598441294062416
1155025381936890865,0.7208378024758002
1636085031956982067,0.882681424844419
52267853,0.5937590922397067
8914199,0.8094915176628593
1686057288972521209,0.5965143577961727
1879769863894874491,0.22967473628899465
1605773677809583379,0.9183795791684436
1971951790748516869,0.34769070027339666
56811819,0.4693180861512001
1292773294164753159,0.40903987331920993
1924991642510723169,0.20452229518511744
25743505,0.7281643226079477
48680747,0.20673700565013356
1799141715717933883,0.6608905876265557
1986208020507322925,0.3274897396022108
99465605,0.946691246748633
1607083063575637767,0.8364144312084629
1751627604992528793,0.9261894805484244
2023599859950992193,0.7927445531480994
108154131,0.030619749515139356
11867221,0.6182140403549655
88095269,0.848886221538251
15299501,0.01641229208307426
1124904569034675919,0.5595839468460952
90345747,0.2408755060108502
55168749,0.016368530021151566
1707099695171682589,0.18583166724844535
1881285705003705795,0.41431168722848694
67290373,0.22725521063487805
102384513,0.21035610962200227
89071497,0.12464590347907012
1675302547068528995,0.9303558961016654
31822081,0.8835974540087332
69889599,0.8899200754653561
1337916777461611589,0.06885392124888556
94263083,0.1505897807682796
1423084991333779575,0.7058602029680388
2081903986766271483,0.009139721444907389
1913887937597026351,0.2673489603390417
102469755,0.919355346190155
2061112783516879909,0.20387237050315676
59410007,0.8983309912316811
90608783,0.6132017278821132
83760617,0.6140057145870293
90658477,0.03451047984211933
1185770315250247261,0.5537621449844847
65725793,0.7105143792960792
1879375056649393157,0.9436626088937
414579,0.11783766002364746
1810105456523954087,0.2624969726095656
1919425594656084449,0.39230956250977733
22411415,0.8200767435662853
41725753,0.6909239946952467
1211346927449256907,0.8710411650341376
78005093,0.014016704093118743
49889647,0.6136846017550994
1999062237049810539,0.5760175495458997
1839549582831986245,0.7506995313699751
1408531353829681435,0.875353785505347
1174289650866563203,0.29201982424379974
24077491,0.4571862339583808
34383791,0.46872356961663264
1402300142076950163,0.8138630947203778
85133233,0.4732004192273209
1300329302620065929,0.7948393793863746
1165883526900758329,0.8436079211130963
1611199677854913253,0.8986273040027929
58825967,0.001986579971177684
2091589094624656287,0.949057345282222
1714708359947978265,0.3833905846315691
42509193,0.303499143953898
1967862453702028587,0.7828837347936105
579255,0.7859523678380453
101616401,0.6334865916987277
91737717,0.6307245055213186
91024051,0.8070476687618152
1269464669032201709,0.5328560980043685
102581093,0.14898941043149252
78309145,0.49697359348338627
1320835401870707747,0.7213085247857157
19177875,0.9503916726663103
105784509,0.816173027612868
1362680151562902677,0.8618459400529404
1479137506245080835,0.8179713573240015
1142278018918299069,0.5873322094385336
75825001,0.9192425013112733
59404075,0.3433528491674859
1832235502128124963,0.6659271461278841
99255927,0.8061464679426189
1307732337830484793,0.6261135935736772
77287939,0.06753207519855889
1658193863755740755,0.6270691982480022
1878908863026201725,0.24244669429346544
99694055,0.8772522004198895
100230331,0.14761795274130424
1717161760051994777,0.5131766038564939
49263329,0.2244209580570371
85133285,0.8667043678958681
97211999,0.04503482663406793
1895546398555790283,0.1061644645553988
1631876340053729129,0.3018871097792017
1199715275001040775,0.17752331438529484
1513139427188625551,0.3472086963976073
2010872130736038647,0.598658232310237
1309504737039248173,0.7919772851076826
1810109140692305975,0.7274977292860315
1725849207962120491,0.859654007959038
1145060287240416911,0.3150242336716983
50138265,0.7298087388881155
86392989,0.905018502029812
1395656426474096203,0.8985939516720695
1846648569483078483,0.5114877730971621
71538953,0.36793805212921193
1875051875710889371,0.4647010759192965
100669055,0.4729887393362615
1330271893345639075,0.7254503474207442
105232291,0.9553977076918336
69548217,0.026155918693404237
62881211,0.3701186822724054
1417400512950706487,0.21197609328851283
1825044027007072457,0.7801112067832158
61107597,0.5273690401343077
1238849297513280159,0.5204132084638718
45997897,0.1843295644986247
1764819705464656897,0.6564578241405608
1391268465116720005,0.21614230503795723
107867557,0.26792716175315034
1159905065360418447,0.35922178478955946
1252589016972719147,0.6362703502675886
1987446956934170267,0.06696037931123722
2048370039151556241,0.04461927992598141
1563799399883315209,0.05795245188095078
23804891,0.7175003546927174
1626225601834708937,0.9461644737327296
1958514971940623165,0.8217065562819544
1837566807745456969,0.7129983444221968
93163457,0.8582546787424986
1381359786628031171,0.6210019958796683
1919861533123305879,0.33790843135841525
1298732669208827827,0.9227009695362753
1617820576063827213,0.4994518476135003
1848280385319549039,0.7022006330342856
1333844398861561473,0.7829652594058272
1193727879848269657,0.4955156458648848
90827893,0.8889975409698038
1840244981143555687,0.9359732522547578
1959761,0.654262917895124
1729252879810866019,0.8959002328094945
67498709,0.7787382880079604
1241584221773881995,0.8750169084224615
67885425,0.2814087826762248
98871177,0.2699333335236741
52634493,0.07879793734900586
30998629,0.09084850759279645
1327874127882914939,0.684761010339985
1953507821393349909,0.5398021813165653
2064063782465111241,0.7108550395734883
108761083,0.2619570290856565
105655529,0.9091229884188953
33374637,0.7971683392682982
76269535,0.5255261436698573
1784647868464442253,0.3784220001045053
1678342562334157549,0.40732066356072527
1478295590728932587,0.7184223997236199
1947099518711435393,0.3850666769522255
1932263685469633035,0.5406199753079907
1807182844199196553,0.5920352367947778
1313162854545392543,0.037657745725165566
87305907,0.061672052051272214
1272711534065379231,0.0022921355267332393
1765589401988879259,0.6952210789633755
1672690292748252275,0.06314422986489439
50736129,0.9588554297731574
1826981163492320667,0.2459857531357531
1165719481574637799,0.37550924451132395
70531645,0.3694220517432104
99820819,0.5710598583021672
105802943,0.9423423665755603
1608710141736285023,0.7348930434135555
95075445,0.25152684563029465
1959729,0.5122961741679001
84559649,0.8791868917353337
97915611,0.19845511125343723
1947807273824877585,0.7876558592378082
44442317,0.926860405480977
68230901,0.4206283905805952
1349642777624924861,0.9373865518602339
10993195,0.5497815207368408
1646210131041181117,0.8317266944638634
1887181798489640029,0.7359985864094143
17487385,0.592673379760735
17437703,0.8656810255905082
55598961,0.37084165297845395
1946004819628913411,0.8961554103403712
1814318566326595207,0.955919575027755
1421685737840778047,0.2135607897095314
87612363,0.6003850748455457
1220871291292673583,0.6358450229462052
75666533,0.7734798430429408
72369357,0.8601524423966453
1975332551870375443,0.5447651819996029
33017515,0.6271918612974755
1230110647110956039,0.8905654092910744
1570847864661829203,0.9020799464432743
1970990954752742865,0.2683442575129119
100924605,0.18041681030314943
97653025,0.8721403469011461
1953829756925066573,0.7695092040855706
1424128329829000975,0.44389883370181027
1736951798957987021,0.5925337970820734
103266245,0.05532880108181316
1994118811972286315,0.8496908784193287
1231563788753911473,0.030640087963595936
91727897,0.3300800951494026
1491400042503305453,0.3090787068505581
1342292259642575771,0.3057630897766213
1624832856093311473,0.9604597952236623
15426581,0.001464559755103051
1516189092230427569,0.2896719751417598
1237355323600838409,0.06933363188140153
24504747,0.5057464269452598
104718279,0.9040107829380237
1927679473065802789,0.8604653612126606
1941830476021306787,0.17802824089539207
1486981258733934711,0.8134174942355605
78724513,0.88116094716734
1483161029093909431,0.8753005141015124
1384409629849372603,0.3992341529212257
2017832077764440689,0.5261746487174501
1906002674365263543,0.33962153588368715
88504765,0.3208907680343782
1244133199502389993,0.8771384012077917
1946244069969655095,0.2970530243473075
1479968863506884079,0.7107329082476587
83768737,0.8448297228165249
101531013,0.7304849464124914
94189343,0.06359800401473632
50359611,0.671141486382956
1273615471759395559,0.8189618930218207
1489898646214573435,0.30983592531056875
1968046609908902555,0.22792528342902915
13500213,0.16924769772080073
1238243664017510027,0.8732042085500431
1628912532341013565,0.46783164533423083
104782939,0.26313711687419955
97668541,0.027953963137971043
1325727235775982093,0.08754483466131835
48122727,0.8947239732468504
59478317,0.7830124399219165
1791210771316562683,0.2782865630560086
88132015,0.06758333119398015
1732636859114681729,0.5500876411504567
1276965421670516183,0.25498475841187285
104232651,0.6597943206383556
1449288630292966639,0.3793130728117951
10252313,0.7461916959053415
624261,0.1067873960789704
1754055899117754551,0.4070388820847408
1590199721022715239,0.6186904092077644
74651227,0.8932356765025645
1259069699490353379,0.19832843223124974
2004946858711196319,0.8422327416574863
2058735670235189693,0.42012762708931917
1117138174247181057,0.7794817438536793
80701081,0.9525773583012798
1616096450616384097,0.9401310759815324
1826983004603363651,0.21936284685788413
1681327791392083545,0.5460148982604506
50029949,0.3836782995036058
1867933015724204637,0.6362920592807878
2034873284314656719,0.3428021005234231
1284030885725476321,0.712479538554527
1668309020196361743,0.0064865800926468264
2092804982305158083,0.4866310952427069
1964159440543138851,0.4414685719051045
73593361,0.6132469158027386
86245283,0.03487775165014643
1708445768395757751,0.8269310253274399
4596497,0.5212323147092959
53609545,0.8939133702255492
63024955,0.41252853983684395
90927493,0.15497112755665388
82479007,0.9412577676816154
1597236382060102155,0.6257336739426153
2607975,0.7978208626406093
1421673086331393579,0.6629277284812781
1608680116020710321,0.3963276590221668
1246531275451464539,0.6517131142696236
17718841,0.9104514382201164
96292307,0.9146354026407808
1231132290291397507,0.7691742426835633
2033882420562979815,0.08937311903434492
96478039,0.6404018591043945
2027830131006994003,0.8113851071621209
1973918197889088637,0.9168300748652201
93882229,0.936372911249076
1997420689342597027,0.32324712766982644
50111067,0.9596118800456653
1633461336861473483,0.8204202104576384
1473909411706493037,0.06012105588123909
26686927,0.21472409153959335
42781261,0.9077410303034573
1226137202677773125,0.04157348049214012
78639211,0.12791115288220556
77692207,0.3378544131133496
2086991192713550949,0.799701649440784
99344915,0.473685026410781
80738535,0.9509494715089651
1846540109129607937,0.5882689438708427
1713370551333001057,0.7330852092576741
24904029,0.8193536660768105
1280939931395633355,0.8658979181715168
1767091286965311141,0.45910143027714756
36389273,0.22512066124771482
79610593,0.7114087441295593
43131055,0.9793043767461147
91277497,0.2530810859718925
1469789741367009073,0.7799540305481119
1318999408719496181,0.9824391513064608
77042689,0.7855187204155709
54719155,0.6088868062634228
84619865,0.754974518404192
91982739,0.8935047287707228
94581911,0.5030380798130444
1416335838663246891,0.7170275147150905
1556801719795900061,0.7875710363108938
97611913,0.7966694729374086
2007144568547307289,0.8755039410410734
83820517,0.8101090998934992
1931857875606429885,0.8505717346011421
1621807594353631845,0.6714417624155514
1340947739655656635,0.7798704655094371
67118945,0.20962844854411933
1908880293398770063,0.034193905646325004
106940283,0.8861096854180949
1279491101319475279,0.8713863496468816
16062641,0.8455727251546876
36119883,0.799957336641262
88378631,0.6758543967239388
1266462303971830647,0.3402012253174517
1649886559871060611,0.7594560303884867
1953039789830439189,0.7912654112528346
1997150184636362247,0.4901603715148807
51364731,0.25736904530571986
100224683,0.3237605413880771
1675233367939807679,0.5670091854087277
31853645,0.48449103741883437
1413108431106400585,0.006449591307873231
108594725,0.7762370810005108
2039142019885483641,0.6805084700696248
2020221031195203491,0.9655124298796391
1117623913405010719,0.4347060693664869
1958057704501818215,0.4673127311390001
82052431,0.8395476231267948
1554163139847385025,0.8207388865882392
34345907,0.004509307243904958
68177703,0.7133294502597489
1985276483356245081,0.07028316987119154
3674183,0.5271329576621434
85906559,0.6638904577053764
88688265,0.0918686136205421
1507144546271994397,0.591618775205421
50513523,0.8734989966796897
1628377100214274491,0.8794290682743684
1900462357191590803,0.9149965761718795
100946403,0.645170505091537
19291637,0.17902475173549756
108081231,0.7979882880227747
1900483087777213223,0.9590335500402861
1636171568969091763,0.7204790653552194
99465439,0.8325093483311519
95848655,0.3007076553901605
3863637,0.9072232768058499
70703817,0.7355828135059879
1972696331751942731,0.35641767622415704
1450539725631029531,0.9382270000922956
1775138928820746587,0.9515257853498804
1761032860324212733,0.922400937757878
99012687,0.7161186106342874
61686437,0.4509771782709016
86060771,0.03487545221013598
29062929,0.4298575501062416
2087495270964236553,0.41181837409437694
63261081,0.6220987356781043
1724047910601778699,0.7877663645871251
1712601668776805929,0.676757764996006
1418507992410290313,0.7341103611709042
1403356772059921197,0.4172888056342578
1805649444166693267,0.2419650586272205
1439217245058346773,0.8451930132668836
7740921,0.9430274931975984
1712119552287068209,0.2578119405359778
2034796840155448197,0.5634277574864802
1479138080938978789,0.7648148159915099
101282027,0.8189873524881648
5461103,0.27435808952472296
1216206132632861519,0.5291737421069846
101052533,0.8741410080748948
1764751127182143371,0.5791076371004624
105007983,0.2173732410335196
12945133,0.1441528417014356
22915739,0.17166863541533864
65792219,0.6102440208100439
1971011777655968287,0.9099558977535873
51880897,0.4676230804430512
73825801,0.430572233112434
1657134581839621185,0.13477418618943493
97254819,0.9330721932985653
1318228227288425983,0.9125265041326389
5748849,0.19141020796828742
105479001,0.3781322041211301
46466107,0.7881557608629158
1930378740731427621,0.6484026631881623
1688683571793444115,0.09284981243775563
1916982296405993419,0.8992748702925625
1779812506068743755,0.8006857436011915
3240073,0.25517447205159927
21943375,0.6770731469117555
76811875,0.5240398119062156
101356135,0.1257849590683307
1788661188924071745,0.9398021429668352
2011658824402468249,0.28851838490946596
1546580759802422095,0.8053625520542741
1483208483784165625,0.3858708341245459
1165109081425160025,0.2999223923213628
1506020459294709519,0.027179973071539385
101780119,0.7296494409974531
100984489,0.23002080173068848
1467932814606180721,0.8049335288704184
21371005,0.5665621055491098
77760905,0.8391086427413754
1936074172520252821,0.3463445207073731
2050454951981612791,0.8474653400317589
1530954258647365775,0.2055114040149667
106654647,0.7655080224874948
2090373282565610389,0.8167614175924115
1665554651216003759,0.1307067959014544
82617761,0.48530627809449295
38316911,0.13722819646919862
2031003821464953447,0.7977717051599759
90535753,0.12807108870661504
104374425,0.06276690550416647
37883793,0.8665512654271974
79795445,0.9456240659323283
1419989734654517893,0.5299006064992822
1511741797494345079,0.9153883744959147
43247669,0.21227084859443646
1965599291430534373,0.7946260303449324
1496992017568814883,0.3410313737310378
1421659989143336445,0.7637058196689333
41668033,0.8891666505029308
1178434380748852363,0.8700938563314057
1272500128128925639,0.9477741966779577
86830239,0.8949235394456784
1743543221589618837,0.7668837493161588
1658090696999231789,0.6743541128408147
2049925514348154689,0.05301743012015801
71022497,0.987679664124459
1528002884501837509,0.8678086894274023
73182925,0.7627736644116342
2081591124488843451,0.7074309918107354
47564159,0.6516438464071791
1371156293049087491,0.9651633857397585
1358078653973494513,0.6349086078070661
1722125883736940761,0.6809242944540934
1429101115940094021,0.9124747754105081
82162541,0.7912497879959093
1889617085698343211,0.08654979530673496
1884555499463897023,0.8587469760395651
1932238872386067889,0.058679066876487766
1942024801716746187,0.010689344256074453
63669313,0.6204719557130051
1763912052723071651,0.1633543800277465
1832117337673708291,0.9081506814248224
7906521,0.2254351324260865
1550365063044483091,0.8243436901048778
84829227,0.7548414054234993
1429234845027651779,0.701471777775853
1926267096043304235,0.6188024290702157
1977236114048842859,0.7536874132300694
70512591,0.9598157688038027
1968044062003980951,0.44841498349681297
2017641326506297505,0.8095885065520101
92820393,0.7869075170567174
1014911,0.8868884581052799
1189547445248869799,0.7613301390036501
1491817075621356849,0.4770118038811266
1339701803308620761,0.22752795875667323
79744249,0.6967795372858382
43844319,0.5010125904205105
1823369781629032825,0.5217300599360221
101832137,0.8549980532526287
1149399240931905341,0.06299615688609311
107703963,0.7671386468155794
1905668358814220513,0.35589755654460625
1998604820813439769,0.7709372039800219
1411415494881018767,0.288387561554293
97966045,0.8238568651033724
1865105900750184083,0.851968412424649
7392233,0.1828671586695669
105257275,0.8393432315827345
81872643,0.2926683038446812
101449061,0.21428797577760728
1988447373437341533,0.27272287769375664
68390727,0.4371045222008946
1701722323589812785,0.9390272923180238
2079772809165604465,0.6078437011408292
1510075643757448201,0.40423456605804076
1493964592403833115,0.957868924781367
106895649,0.7677465167001208
1172907035593716915,0.808457034595173
1491401709842623769,0.8120359982101163
1098217223950481363,0.8310488550015487
84231025,0.5460567742463741
1785847534846076661,0.5291355275065098
2026508708567958727,0.7364817053504812
96934325,0.22920003116601645
103076855,0.8657049387802964
95486153,0.6305694392607157
34920811,0.07024664752417537
91157795,0.564261914172501
87065591,0.9273810139540625
63971807,0.317725801740038
76320699,0.7460910023260611
1373311227163842475,0.9210610961191448
2012729464914001655,0.7735007531012489
2065508031054274343,0.8994202423880678
39894629,0.30981394960581726
1545797343626728059,0.7052619557147003
1610370739276987297,0.633707279819761
1899788249665772539,0.30761644725275145
1810107399522147065,0.6336842920498514
1743814344363685355,0.738356149626972
1771687847935298329,0.8694988000589318
1511499989901390411,0.5585518830848173
77629259,0.9424490805161754
1242179513552462571,0.9582359752054683
20142669,0.6554557383219762
69805447,0.5048855292194615
1529338895414613347,0.228856524126631
1403972218111012541,0.8116497747477084
53566579,0.0295631180161706
1931934430396011255,0.5039001676412481
1804206099436790025,0.017010120061337865
1946344010540914335,0.31363869061096133
1304629282474053847,0.7449938788966256
108007071,0.4881403463833931
39724693,0.3546837736006519
1274395306693987459,0.028590128161403144
53001467,0.8478008400182013
2048066682297132439,0.5424242906166516
102428073,0.834096327007291
35781473,0.33087448909414363
1684400434099033815,0.880173016257182
1449350967338097297,0.442034808441124
68162405,0.45904871999868296
108582007,0.5314162900064795
1777682670391320215,0.02740128939502375
1642438154807222515,0.43310937846715736
81642901,0.8415656397784562
96206857,0.8732885317912988
76323285,0.9616687637630107
2065078742983612829,0.654212166563978
1394851240026968509,0.3780084603205336
1136167816757181035,0.4356477815981587
108050751,0.6373933958616603
1883182968918653691,0.8238717748335154
1385370372815587939,0.4676370178231425
1581360256976897225,0.5801853998469998
83953497,0.7442093367730115
99467139,0.49564967825583806
1691597726923135035,0.2160674383333703
1997074467986495947,0.9548025356591446
99466555,0.16242677272975783
2009805806543003007,0.8511969571221647
1831717836955341715,0.8669933879239027
1875258552822584163,0.890072862647966
1924722811875387241,0.20971343968254902
74600313,0.5445462149191472
90000633,0.3705427268805047
2027851468771835523,0.7845950458973951
103238291,0.08827248862304436
1168212939934839197,0.7889317977452464
1973046686365015329,0.40207569025954554
1865632946660167917,0.4129482845595157
90482945,0.8271496393961877
1705842208950424371,0.009768462542865699
47098733,0.9254312117984898
85133385,0.5584021281718451
1613269732641270407,0.45271304304008436
66941995,0.8590761683584599
42564017,0.8407199922916071
1994394502119954075,0.3480579953962121
2027847678371653963,0.9646301236910703
103594589,0.2295038285241074
1591361657289206939,0.45979904501509283
76755633,0.415541950130746
1717548220376992579,0.24822350269373641
1436577561684636185,0.9626021151574125
13346019,0.8069731184020054
91912797,0.9511664925888187
85924767,0.3715969409342588
1124790906398353043,0.5640841294029421
1867941977509275579,0.8785614140102083
107081999,0.5804273522025535
69202405,0.05664648181444341
1869262164686027989,0.8859562201185961
99825093,0.9393979861648076
106122849,0.9105412219210018
1642280580785722519,0.04464700817908792
107429785,0.3829306431664284
34930223,0.9151545225045661
88749895,0.1067925395165301
81957697,0.6173775422197899
99743979,0.9644091755503207
96608471,0.42943309880525893
4610337,0.2790165187108835
1449263973922623699,0.8502383386780559
1878518596657581039,0.013357434973761068
99008271,0.8379977051357717
1108307989573329053,0.03155616404009509
1707198789332099307,0.6717926635239037
1302639257936558669,0.1242979250962025
108312707,0.5251481309556123
62658449,0.8919706325514881
1659794692662999095,0.21584871139812525
1173663933102403053,0.5030268240093363
38824413,0.6206753114884378
1902803789830526025,0.2323336476375649
1298953717822153169,0.9414869723804064
1804021252937622037,0.2814365958335274
1708964755218183121,0.5621138337611198
1626364580396571253,0.670620264857542
1826992801062996695,0.3827024426967959
1166795529750601571,0.662531679036259
1158215821837906399,0.23508975496862944
2078888423866988489,0.8421530418946438
99976433,0.6271138897653931
1942386844297937059,0.7800590561393607
1084011,0.17199817135889792
25429305,0.7879036558015339
83569321,0.1953698232732247
1413993245717151161,0.2536346078870161
1474825083038432953,0.8856464796903223
96543577,0.26346084337657216
1411563565494677789,0.4858432131731104
40721641,0.007041738701336413
1505895176320700661,0.7305991864124625
1755314807175986455,0.2134749624143505
13057611,0.343688350817415
1313335719443003291,0.9321718621650692
10234857,0.47508812360153263
1468070128703495679,0.01813955573042386
1292494016118049367,0.28352907441761255
1303131002140145523,0.8440359151988164
43095825,0.24850434238110125
81059989,0.13848860395797113
106940271,0.028839484004763896
101265277,0.1534779707668264
1821795152660432889,0.5111763934490899
1814675228476722875,0.16304866835222256
1817649723042839005,0.7480799434094394
30265183,0.46578374735735545
1784235436415675591,0.7876925473272554
106950285,0.6997256627094693
83800811,0.5433266903359498
13057541,0.16449026307306297
1410796983338884045,0.4053181794212482
99828099,0.6898134769544306
81880919,0.13228354381399052
1959357882277893449,0.493262153388658
1745167308450586199,0.07631108674801194
101517567,0.71011812057394
85177323,0.10978591719367528
1920317934377914553,0.006371108041890221
1858440037539889935,0.1306691396134321
108330633,0.4329166973559017
1886961913303181679,0.6034305456947909
77111913,0.019317134772554753
56217441,0.08439633246902853
2079773764086523481,0.7893097221315427
2075029294544412205,0.22966907806701387
2039429172219373905,0.23105376067216782
54453267,0.9521130057832359
1326259612584767399,0.7829870749258033
77686645,0.8201892584183594
36662917,0.8406518337293042
88290793,0.2494617697371784
1732058484667448429,0.46384057086139197
1427227632876481247,0.11956680608904809
1764996498648292401,0.6229602353861573
1169462897047487881,0.92951221384691185
101612327,0.01499402587660092
1341390803861589935,0.6731004023267388
57554847,0.023977472980326906
46291919,0.31324047878796024
32287279,0.5734075553646402
89331065,0.6433684386120517
1494269252274081133,0.1842817767846044
99294461,0.9110850401403381
1306131005578680527,0.9654857794755617
76181819,0.2452379566731682
1934634865521218865,0.5206715666148116
1784507969382684385,0.09319181156829875
1712739320609630459,0.19060639824769587
1439187650337005359,0.6491798881746825
2044256114971408905,0.7486693957887941
1252466245425897241,0.7328537862706679
1179875396302483969,0.03442852379513904
1255095734250429531,0.1645549081751284
2047597556835190845,0.719281508530071
1582196590748434217,0.9301689074257394
108050377,0.9051546527576626
1442137099081673549,0.7562068913354548
2064108337022422367,0.8779877222374517
2061132968474431525,0.8973203431230707
1282688177618889253,0.2498669379417537
54456283,0.046444285076296415
1639358709633970355,0.8748017966180864
106793151,0.3498346565757647
77405197,0.4582947500970062
1179884449640341171,0.16593322420343729
1237670806863933943,0.8671379567101537
2030657724035234439,0.4829584446450524
69949945,0.7238468730697359
97762733,0.6913282452225895
1923231492901848683,0.5170291949548671
26833455,0.3757157304599473
15151031,0.9572879560122198
1834551337269775903,0.9397307653837919
85905013,0.3934083363324067
1826982901295858027,0.529754405661959
1595790980968119213,0.2518400532555406
1975860100738577657,0.2105195527450108
83642521,0.5451288215706841
82036275,0.8695920560895941
1729435313861490499,0.7264560205828102
1250498474144822535,0.11445578547306165
1982629953696827225,0.8605397818497894
26414929,0.5294131123338924
107124273,0.29733056947229497
43420693,0.11564633780547401
1884147113805784499,0.6706584018493441
1484297243636835849,0.47990462223144187
96484871,0.7699243715461325
1756209787174240989,0.25101396690111033
46934379,0.010087346028912344
1939536425540841521,0.5444604512600586
72161341,0.9138308856614469
1144957887734534213,0.5862314824658231
1411717116686482523,0.8143438915711172
1475654634601466847,0.9336269063347912
37852331,0.2401156724705109
88615047,0.8777832388386297
79861207,0.8499774354860826
73825015,0.4362618159209947
1775739135021491145,0.6348469114018038
16302799,0.23686735693389327
1937858209569001601,0.22482551874135012
38484291,0.023052057528763156
1933288016072949737,0.3194499960739262
1095120611032217753,0.9067147484024921
1704248770170920677,0.5851715723078563
1469631525105442255,0.1781222316130213
1726117,0.7525241902737612
104700969,0.7328752544031841
61582941,0.13732887919186332
2065036533768404873,0.7153616894338601
21097275,0.9333218774861601
2039241321358443581,0.9358626388785695
1786820335787410147,0.735870952492595
1515711263095725469,0.4559485349757672
1331798045410846701,0.9278800274938327
83820463,0.8196756354296607
1100265550617940917,0.8246244383481232
79935975,0.09676989030213377
1907407849047783281,0.7195182402398635
85925077,0.49026814383475964
83686255,0.1347191545991056
2050810110238116223,0.6027233501275374
2050453533837296657,0.24490562982394773
98145835,0.5050997625735856
95724061,0.8934327017839742
63302719,0.33860562381675646
70754665,0.7964033738387571
1317808078164881127,0.6281651868045499
16545817,0.8434263481962228
79207963,0.8105949741891487
93767195,0.6422681052859045
22512883,0.3375190295682238
98750749,0.6663743116567048
2041003149703645653,0.3525040538058278
71334489,0.876589635515812
105860393,0.9039917484157072
65642091,0.7889520164745829
103778281,0.4010500831495568
1992759774547623729,0.4495477910586956
79538085,0.24444918367003027
2009375777593960261,0.16551914912673207
1997277338612864993,0.2394836618790566
1313316892043944315,0.874492235525142
1238351880428183895,0.44592752214465325
1621289160461520519,0.05876084419964366
1676251311316044087,0.6526680278229233
1680855737012497243,0.8102654132328518
50477017,0.08284157642654993
2049763488854120181,0.40894519385135364
1767205729740485785,0.102943407526553
1736958657713633289,0.2497243548053992
1833546309840011187,0.9278776692313249
1175075164602787051,0.3844372890378103
97914465,0.025610155425822338
1331835098246136791,0.47377317481656855
66753315,0.4292853704245547
1812865088529470415,0.735611275867863
1497343015091397945,0.4088004328909834
1434515534517956285,0.4133560465946249
106725111,0.7362237836389037
2058320459725070899,0.7425750685732136
1936726655583580747,0.3260521001688073
88426067,0.18753721522062344
57424941,0.811771454571712
1966730660416986473,0.9355892266879489
78180363,0.867461615555037
1471825330258819535,0.7810223751660036
107346635,0.9322139785170102
31098047,0.7766539262707279
1907330653862471789,0.03277610967246826
1531740826671771147,0.7802464461700873
107501987,0.7478632009824489
78056773,0.8312466415538232
88945639,0.8304374414732574
1951612750792437591,0.3418002474812764
1989915328073152829,0.6050614080350446
105156677,0.07255216697259284
1872771752674988287,0.21188457744887745
95830519,0.3730504990000199
59415719,0.38531733921176414
69571131,0.2558045020775868
53277335,0.020377686642370395
1280721265654335463,0.9410382986606257
1256870036236634787,0.44754779758266644
1329160676555925193,0.8366169719116725
100882355,0.6851598978846151
100616969,0.9160339118421393
41359853,0.6151682063935151
1395145,0.8049347338270528
1342030109145514191,0.9251294197306079
2023475874917429755,0.02471575422762268
1307624601861897427,0.05935455909031863
105542257,0.954763347853263
43003155,0.06817996346922185
79887633,0.5772563405735376
58205997,0.7272072462082767
105223071,0.5395899972553141
4792557,0.7389972416253686
2052446265244559961,0.3928983116560002
45586089,0.08982173277173282
102664803,0.2453526028203704
1624443693673989875,0.6542613412988594
36689885,0.43944902361383315
79718557,0.04308669266030589
54672233,0.035516127868547236
2033939467169361177,0.5495003316833023
1888248526012909431,0.6164005618105922
107534693,0.7534834684781857
2064123997857947019,0.844013060425362
95074213,0.9128897319106106
1826082189056112875,0.7274675804681457
88327261,0.5562226085190143
104931881,0.6468121297282496
86844551,0.9073828370827987
102863461,0.6125874234451579
100520463,0.5859374364570533
1244675251123271963,0.06650404140840946
2008528078439362713,0.11164114399133043
1554103785780759741,0.19193711104927047
88252583,0.26504175109116407
99542973,0.7518944819848502
1560503646630029901,0.9012094396060156
15619937,0.9598896447049774
40455815,0.4489330390211304
1945920283494228139,0.9620853912030902
93633243,0.8131284954174038
1804547624885021503,0.5552479227874869
1743408269330609219,0.700735898335335
1971289975007363115,0.602450754085687
70568347,0.35887428964459867
1929899281829298917,0.6040246049395087
36015595,0.41911141606064023
79743915,0.647624979448549
